{
  "minimal_vector_counts": {
    "1": 24,
    "2": 240,
    "3": 4320
  },
  "ray_counts": {
    "1": 6,
    "2": 60,
    "3": 1080
  },
  "bdd_radius_test": {
    "1": {
      "inside_radius_recovery_rate": 1.0
    },
    "2": {
      "inside_radius_recovery_rate": 1.0
    },
    "3": {
      "inside_radius_recovery_rate": 1.0
    },
    "4": {
      "inside_radius_recovery_rate": 1.0
    },
    "5": {
      "inside_radius_recovery_rate": 1.0
    }
  },
  "fidelity_algorithm_vs_bruteforce": {
    "1": {
      "promised_instances": 120,
      "exact_agreement": 120,
      "worst_gap": 0.0
    },
    "2": {
      "promised_instances": 120,
      "exact_agreement": 120,
      "worst_gap": 0.0
    },
    "3": {
      "promised_instances": 120,
      "exact_agreement": 120,
      "worst_gap": 0.0
    }
  },
  "named_states": {
    "T": {
      "brute": 0.8880738339771151,
      "decoder": 0.8880738339771151
    },
    "H": {
      "brute": 0.9238795325112867,
      "decoder": 0.9238795325112867
    },
    "T_theory": 0.8880738339771153,
    "H_theory": 0.9238795325112867,
    "HH": {
      "brute": 0.8535533905932737,
      "decoder": 0.8535533905932737,
      "theory_cos2": 0.8535533905932737
    }
  },
  "n1_worst_fidelity_sampled": 0.8890700683462354,
  "n1_worst_fidelity_theory": 0.8880738339771153,
  "n1_universality_holds": "True",
  "equivariance": {
    "trials": 200,
    "passed": 200
  },
  "logical_decoding": {
    "trials": 200,
    "passed": 200
  },
  "fidelity_counting": {
    "2": {
      "thresholds": [
        0.5,
        0.55,
        0.6,
        0.7,
        0.8,
        0.9
      ],
      "max_counts": [
        28,
        25,
        19,
        11,
        4,
        1
      ],
      "total_states": 60
    },
    "2_stab_overlap_spectrum": [
      1.0,
      0.707107,
      0.5,
      0.0
    ],
    "3": {
      "thresholds": [
        0.5,
        0.55,
        0.6,
        0.7,
        0.8,
        0.9
      ],
      "max_counts": [
        152,
        94,
        54,
        12,
        3,
        0
      ],
      "total_states": 1080
    },
    "3_stab_overlap_spectrum": [
      1.0,
      0.707107,
      0.5,
      0.353553,
      0.0
    ]
  },
  "below_threshold_heuristic": {
    "tested": 144,
    "still_correct": 144
  }
}